"","facilitycl","total_length","total","per_protected","unit"
"1","I",373.931818813344,995.379294718524,37.5667668392766,"Citywide"
"2","I",18.4213600468101,134.057187832785,13.7414191246409,"Priority Districts"
"3","I",3.61286729000892,31.6955210538065,11.3986682341511,"Brooklyn Community Boards 3, 12, 14, 17"
